{"Version":1,"ManifestType":"Publish","Endpoints":[{"Route":"templates/03883a93-6982-4e50-8ed9-6fb8bbb9e9c5.3dw1hr5ol0.ico","AssetFile":"templates/03883a93-6982-4e50-8ed9-6fb8bbb9e9c5.ico","Selectors":[],"ResponseHeaders":[{"Name":"Accept-Ranges","Value":"bytes"},{"Name":"Cache-Control","Value":"max-age=31536000, immutable"},{"Name":"Content-Length","Value":"126997"},{"Name":"Content-Type","Value":"image/x-icon"},{"Name":"ETag","Value":"\"6ViF9bjassOuAdVC1txtNBtGXEQQGKAfBYdjhM9o4fE=\""},{"Name":"Last-Modified","Value":"Tue, 25 Feb 2025 16:18:25 GMT"}],"EndpointProperties":[{"Name":"fingerprint","Value":"3dw1hr5ol0"},{"Name":"integrity","Value":"sha256-6ViF9bjassOuAdVC1txtNBtGXEQQGKAfBYdjhM9o4fE="},{"Name":"label","Value":"templates/03883a93-6982-4e50-8ed9-6fb8bbb9e9c5.ico"}]},{"Route":"templates/03883a93-6982-4e50-8ed9-6fb8bbb9e9c5.ico","AssetFile":"templates/03883a93-6982-4e50-8ed9-6fb8bbb9e9c5.ico","Selectors":[],"ResponseHeaders":[{"Name":"Accept-Ranges","Value":"bytes"},{"Name":"Cache-Control","Value":"no-cache"},{"Name":"Content-Length","Value":"126997"},{"Name":"Content-Type","Value":"image/x-icon"},{"Name":"ETag","Value":"\"6ViF9bjassOuAdVC1txtNBtGXEQQGKAfBYdjhM9o4fE=\""},{"Name":"Last-Modified","Value":"Tue, 25 Feb 2025 16:18:25 GMT"}],"EndpointProperties":[{"Name":"integrity","Value":"sha256-6ViF9bjassOuAdVC1txtNBtGXEQQGKAfBYdjhM9o4fE="}]},{"Route":"templates/1c9d5b70-cb4a-4df7-bc3e-88eba3aa7631.png","AssetFile":"templates/1c9d5b70-cb4a-4df7-bc3e-88eba3aa7631.png","Selectors":[],"ResponseHeaders":[{"Name":"Accept-Ranges","Value":"bytes"},{"Name":"Cache-Control","Value":"no-cache"},{"Name":"Content-Length","Value":"9594"},{"Name":"Content-Type","Value":"image/png"},{"Name":"ETag","Value":"\"WtkhON6Cb8eVbGU2wNuk90YSV32R0nTeszV+EPEBNUs=\""},{"Name":"Last-Modified","Value":"Tue, 25 Feb 2025 16:18:25 GMT"}],"EndpointProperties":[{"Name":"integrity","Value":"sha256-WtkhON6Cb8eVbGU2wNuk90YSV32R0nTeszV+EPEBNUs="}]},{"Route":"templates/1c9d5b70-cb4a-4df7-bc3e-88eba3aa7631.uyccu3hex3.png","AssetFile":"templates/1c9d5b70-cb4a-4df7-bc3e-88eba3aa7631.png","Selectors":[],"ResponseHeaders":[{"Name":"Accept-Ranges","Value":"bytes"},{"Name":"Cache-Control","Value":"max-age=31536000, immutable"},{"Name":"Content-Length","Value":"9594"},{"Name":"Content-Type","Value":"image/png"},{"Name":"ETag","Value":"\"WtkhON6Cb8eVbGU2wNuk90YSV32R0nTeszV+EPEBNUs=\""},{"Name":"Last-Modified","Value":"Tue, 25 Feb 2025 16:18:25 GMT"}],"EndpointProperties":[{"Name":"fingerprint","Value":"uyccu3hex3"},{"Name":"integrity","Value":"sha256-WtkhON6Cb8eVbGU2wNuk90YSV32R0nTeszV+EPEBNUs="},{"Name":"label","Value":"templates/1c9d5b70-cb4a-4df7-bc3e-88eba3aa7631.png"}]},{"Route":"templates/1e6bedc7-72c8-4f0b-a487-29a60e154bed.3dw1hr5ol0.ico","AssetFile":"templates/1e6bedc7-72c8-4f0b-a487-29a60e154bed.ico","Selectors":[],"ResponseHeaders":[{"Name":"Accept-Ranges","Value":"bytes"},{"Name":"Cache-Control","Value":"max-age=31536000, immutable"},{"Name":"Content-Length","Value":"126997"},{"Name":"Content-Type","Value":"image/x-icon"},{"Name":"ETag","Value":"\"6ViF9bjassOuAdVC1txtNBtGXEQQGKAfBYdjhM9o4fE=\""},{"Name":"Last-Modified","Value":"Tue, 25 Feb 2025 16:18:25 GMT"}],"EndpointProperties":[{"Name":"fingerprint","Value":"3dw1hr5ol0"},{"Name":"integrity","Value":"sha256-6ViF9bjassOuAdVC1txtNBtGXEQQGKAfBYdjhM9o4fE="},{"Name":"label","Value":"templates/1e6bedc7-72c8-4f0b-a487-29a60e154bed.ico"}]},{"Route":"templates/1e6bedc7-72c8-4f0b-a487-29a60e154bed.ico","AssetFile":"templates/1e6bedc7-72c8-4f0b-a487-29a60e154bed.ico","Selectors":[],"ResponseHeaders":[{"Name":"Accept-Ranges","Value":"bytes"},{"Name":"Cache-Control","Value":"no-cache"},{"Name":"Content-Length","Value":"126997"},{"Name":"Content-Type","Value":"image/x-icon"},{"Name":"ETag","Value":"\"6ViF9bjassOuAdVC1txtNBtGXEQQGKAfBYdjhM9o4fE=\""},{"Name":"Last-Modified","Value":"Tue, 25 Feb 2025 16:18:25 GMT"}],"EndpointProperties":[{"Name":"integrity","Value":"sha256-6ViF9bjassOuAdVC1txtNBtGXEQQGKAfBYdjhM9o4fE="}]},{"Route":"templates/25bd947d-0573-4887-88c1-8ae9bd925d30.html","AssetFile":"templates/25bd947d-0573-4887-88c1-8ae9bd925d30.html","Selectors":[],"ResponseHeaders":[{"Name":"Accept-Ranges","Value":"bytes"},{"Name":"Cache-Control","Value":"no-cache"},{"Name":"Content-Length","Value":"1025"},{"Name":"Content-Type","Value":"text/html"},{"Name":"ETag","Value":"\"HmnKBd6sH6faniYxWKXbA4wKhcvKxToTaH6473OK+p0=\""},{"Name":"Last-Modified","Value":"Tue, 25 Feb 2025 16:18:25 GMT"}],"EndpointProperties":[{"Name":"integrity","Value":"sha256-HmnKBd6sH6faniYxWKXbA4wKhcvKxToTaH6473OK+p0="}]},{"Route":"templates/25bd947d-0573-4887-88c1-8ae9bd925d30.ywgdchd3h1.html","AssetFile":"templates/25bd947d-0573-4887-88c1-8ae9bd925d30.html","Selectors":[],"ResponseHeaders":[{"Name":"Accept-Ranges","Value":"bytes"},{"Name":"Cache-Control","Value":"max-age=31536000, immutable"},{"Name":"Content-Length","Value":"1025"},{"Name":"Content-Type","Value":"text/html"},{"Name":"ETag","Value":"\"HmnKBd6sH6faniYxWKXbA4wKhcvKxToTaH6473OK+p0=\""},{"Name":"Last-Modified","Value":"Tue, 25 Feb 2025 16:18:25 GMT"}],"EndpointProperties":[{"Name":"fingerprint","Value":"ywgdchd3h1"},{"Name":"integrity","Value":"sha256-HmnKBd6sH6faniYxWKXbA4wKhcvKxToTaH6473OK+p0="},{"Name":"label","Value":"templates/25bd947d-0573-4887-88c1-8ae9bd925d30.html"}]},{"Route":"templates/2a58a65d-ec1b-41bd-a6f2-1689de754449.htm","AssetFile":"templates/2a58a65d-ec1b-41bd-a6f2-1689de754449.htm","Selectors":[],"ResponseHeaders":[{"Name":"Accept-Ranges","Value":"bytes"},{"Name":"Cache-Control","Value":"no-cache"},{"Name":"Content-Length","Value":"22727"},{"Name":"Content-Type","Value":"text/html"},{"Name":"ETag","Value":"\"tdd4VdMHFQqAryd86iToPlsY/5jIUAxsjMonM6qgE1I=\""},{"Name":"Last-Modified","Value":"Tue, 25 Feb 2025 16:18:25 GMT"}],"EndpointProperties":[{"Name":"integrity","Value":"sha256-tdd4VdMHFQqAryd86iToPlsY/5jIUAxsjMonM6qgE1I="}]},{"Route":"templates/2a58a65d-ec1b-41bd-a6f2-1689de754449.jecixqnla6.htm","AssetFile":"templates/2a58a65d-ec1b-41bd-a6f2-1689de754449.htm","Selectors":[],"ResponseHeaders":[{"Name":"Accept-Ranges","Value":"bytes"},{"Name":"Cache-Control","Value":"max-age=31536000, immutable"},{"Name":"Content-Length","Value":"22727"},{"Name":"Content-Type","Value":"text/html"},{"Name":"ETag","Value":"\"tdd4VdMHFQqAryd86iToPlsY/5jIUAxsjMonM6qgE1I=\""},{"Name":"Last-Modified","Value":"Tue, 25 Feb 2025 16:18:25 GMT"}],"EndpointProperties":[{"Name":"fingerprint","Value":"jecixqnla6"},{"Name":"integrity","Value":"sha256-tdd4VdMHFQqAryd86iToPlsY/5jIUAxsjMonM6qgE1I="},{"Name":"label","Value":"templates/2a58a65d-ec1b-41bd-a6f2-1689de754449.htm"}]},{"Route":"templates/2bc79b27-77dc-40ad-9a50-e7d42c08be80.3dw1hr5ol0.ico","AssetFile":"templates/2bc79b27-77dc-40ad-9a50-e7d42c08be80.ico","Selectors":[],"ResponseHeaders":[{"Name":"Accept-Ranges","Value":"bytes"},{"Name":"Cache-Control","Value":"max-age=31536000, immutable"},{"Name":"Content-Length","Value":"126997"},{"Name":"Content-Type","Value":"image/x-icon"},{"Name":"ETag","Value":"\"6ViF9bjassOuAdVC1txtNBtGXEQQGKAfBYdjhM9o4fE=\""},{"Name":"Last-Modified","Value":"Tue, 25 Feb 2025 16:18:25 GMT"}],"EndpointProperties":[{"Name":"fingerprint","Value":"3dw1hr5ol0"},{"Name":"integrity","Value":"sha256-6ViF9bjassOuAdVC1txtNBtGXEQQGKAfBYdjhM9o4fE="},{"Name":"label","Value":"templates/2bc79b27-77dc-40ad-9a50-e7d42c08be80.ico"}]},{"Route":"templates/2bc79b27-77dc-40ad-9a50-e7d42c08be80.ico","AssetFile":"templates/2bc79b27-77dc-40ad-9a50-e7d42c08be80.ico","Selectors":[],"ResponseHeaders":[{"Name":"Accept-Ranges","Value":"bytes"},{"Name":"Cache-Control","Value":"no-cache"},{"Name":"Content-Length","Value":"126997"},{"Name":"Content-Type","Value":"image/x-icon"},{"Name":"ETag","Value":"\"6ViF9bjassOuAdVC1txtNBtGXEQQGKAfBYdjhM9o4fE=\""},{"Name":"Last-Modified","Value":"Tue, 25 Feb 2025 16:18:25 GMT"}],"EndpointProperties":[{"Name":"integrity","Value":"sha256-6ViF9bjassOuAdVC1txtNBtGXEQQGKAfBYdjhM9o4fE="}]},{"Route":"templates/2bd1b207-a0e1-4639-bbdc-b60f5cd4097c.html","AssetFile":"templates/2bd1b207-a0e1-4639-bbdc-b60f5cd4097c.html","Selectors":[],"ResponseHeaders":[{"Name":"Accept-Ranges","Value":"bytes"},{"Name":"Cache-Control","Value":"no-cache"},{"Name":"Content-Length","Value":"1550502"},{"Name":"Content-Type","Value":"text/html"},{"Name":"ETag","Value":"\"fwynBO38LANTAg2C4f8AM7/LorjFdDkeeh5U3wqTjzs=\""},{"Name":"Last-Modified","Value":"Tue, 25 Feb 2025 16:18:25 GMT"}],"EndpointProperties":[{"Name":"integrity","Value":"sha256-fwynBO38LANTAg2C4f8AM7/LorjFdDkeeh5U3wqTjzs="}]},{"Route":"templates/2bd1b207-a0e1-4639-bbdc-b60f5cd4097c.zbh3ycgykx.html","AssetFile":"templates/2bd1b207-a0e1-4639-bbdc-b60f5cd4097c.html","Selectors":[],"ResponseHeaders":[{"Name":"Accept-Ranges","Value":"bytes"},{"Name":"Cache-Control","Value":"max-age=31536000, immutable"},{"Name":"Content-Length","Value":"1550502"},{"Name":"Content-Type","Value":"text/html"},{"Name":"ETag","Value":"\"fwynBO38LANTAg2C4f8AM7/LorjFdDkeeh5U3wqTjzs=\""},{"Name":"Last-Modified","Value":"Tue, 25 Feb 2025 16:18:25 GMT"}],"EndpointProperties":[{"Name":"fingerprint","Value":"zbh3ycgykx"},{"Name":"integrity","Value":"sha256-fwynBO38LANTAg2C4f8AM7/LorjFdDkeeh5U3wqTjzs="},{"Name":"label","Value":"templates/2bd1b207-a0e1-4639-bbdc-b60f5cd4097c.html"}]},{"Route":"templates/3ce4afac-7d9e-424f-8ff0-65da4993cbfa.htm","AssetFile":"templates/3ce4afac-7d9e-424f-8ff0-65da4993cbfa.htm","Selectors":[],"ResponseHeaders":[{"Name":"Accept-Ranges","Value":"bytes"},{"Name":"Cache-Control","Value":"no-cache"},{"Name":"Content-Length","Value":"22727"},{"Name":"Content-Type","Value":"text/html"},{"Name":"ETag","Value":"\"tdd4VdMHFQqAryd86iToPlsY/5jIUAxsjMonM6qgE1I=\""},{"Name":"Last-Modified","Value":"Tue, 25 Feb 2025 16:18:25 GMT"}],"EndpointProperties":[{"Name":"integrity","Value":"sha256-tdd4VdMHFQqAryd86iToPlsY/5jIUAxsjMonM6qgE1I="}]},{"Route":"templates/3ce4afac-7d9e-424f-8ff0-65da4993cbfa.jecixqnla6.htm","AssetFile":"templates/3ce4afac-7d9e-424f-8ff0-65da4993cbfa.htm","Selectors":[],"ResponseHeaders":[{"Name":"Accept-Ranges","Value":"bytes"},{"Name":"Cache-Control","Value":"max-age=31536000, immutable"},{"Name":"Content-Length","Value":"22727"},{"Name":"Content-Type","Value":"text/html"},{"Name":"ETag","Value":"\"tdd4VdMHFQqAryd86iToPlsY/5jIUAxsjMonM6qgE1I=\""},{"Name":"Last-Modified","Value":"Tue, 25 Feb 2025 16:18:25 GMT"}],"EndpointProperties":[{"Name":"fingerprint","Value":"jecixqnla6"},{"Name":"integrity","Value":"sha256-tdd4VdMHFQqAryd86iToPlsY/5jIUAxsjMonM6qgE1I="},{"Name":"label","Value":"templates/3ce4afac-7d9e-424f-8ff0-65da4993cbfa.htm"}]},{"Route":"templates/407fb0d6-3e38-4ffd-82a0-733fb920dc53.5vu7tomsi5.gif","AssetFile":"templates/407fb0d6-3e38-4ffd-82a0-733fb920dc53.gif","Selectors":[],"ResponseHeaders":[{"Name":"Accept-Ranges","Value":"bytes"},{"Name":"Cache-Control","Value":"max-age=31536000, immutable"},{"Name":"Content-Length","Value":"649733"},{"Name":"Content-Type","Value":"image/gif"},{"Name":"ETag","Value":"\"AZVso/HtF8oVt6TAGcD3uTFI620+tWk4/i4XuaKN5Sc=\""},{"Name":"Last-Modified","Value":"Thu, 27 Feb 2025 19:13:55 GMT"}],"EndpointProperties":[{"Name":"fingerprint","Value":"5vu7tomsi5"},{"Name":"integrity","Value":"sha256-AZVso/HtF8oVt6TAGcD3uTFI620+tWk4/i4XuaKN5Sc="},{"Name":"label","Value":"templates/407fb0d6-3e38-4ffd-82a0-733fb920dc53.gif"}]},{"Route":"templates/407fb0d6-3e38-4ffd-82a0-733fb920dc53.gif","AssetFile":"templates/407fb0d6-3e38-4ffd-82a0-733fb920dc53.gif","Selectors":[],"ResponseHeaders":[{"Name":"Accept-Ranges","Value":"bytes"},{"Name":"Cache-Control","Value":"no-cache"},{"Name":"Content-Length","Value":"649733"},{"Name":"Content-Type","Value":"image/gif"},{"Name":"ETag","Value":"\"AZVso/HtF8oVt6TAGcD3uTFI620+tWk4/i4XuaKN5Sc=\""},{"Name":"Last-Modified","Value":"Thu, 27 Feb 2025 19:13:55 GMT"}],"EndpointProperties":[{"Name":"integrity","Value":"sha256-AZVso/HtF8oVt6TAGcD3uTFI620+tWk4/i4XuaKN5Sc="}]},{"Route":"templates/44901fe6-190e-42a4-8fae-ea881f70497e.3dw1hr5ol0.ico","AssetFile":"templates/44901fe6-190e-42a4-8fae-ea881f70497e.ico","Selectors":[],"ResponseHeaders":[{"Name":"Accept-Ranges","Value":"bytes"},{"Name":"Cache-Control","Value":"max-age=31536000, immutable"},{"Name":"Content-Length","Value":"126997"},{"Name":"Content-Type","Value":"image/x-icon"},{"Name":"ETag","Value":"\"6ViF9bjassOuAdVC1txtNBtGXEQQGKAfBYdjhM9o4fE=\""},{"Name":"Last-Modified","Value":"Tue, 25 Feb 2025 16:18:25 GMT"}],"EndpointProperties":[{"Name":"fingerprint","Value":"3dw1hr5ol0"},{"Name":"integrity","Value":"sha256-6ViF9bjassOuAdVC1txtNBtGXEQQGKAfBYdjhM9o4fE="},{"Name":"label","Value":"templates/44901fe6-190e-42a4-8fae-ea881f70497e.ico"}]},{"Route":"templates/44901fe6-190e-42a4-8fae-ea881f70497e.ico","AssetFile":"templates/44901fe6-190e-42a4-8fae-ea881f70497e.ico","Selectors":[],"ResponseHeaders":[{"Name":"Accept-Ranges","Value":"bytes"},{"Name":"Cache-Control","Value":"no-cache"},{"Name":"Content-Length","Value":"126997"},{"Name":"Content-Type","Value":"image/x-icon"},{"Name":"ETag","Value":"\"6ViF9bjassOuAdVC1txtNBtGXEQQGKAfBYdjhM9o4fE=\""},{"Name":"Last-Modified","Value":"Tue, 25 Feb 2025 16:18:25 GMT"}],"EndpointProperties":[{"Name":"integrity","Value":"sha256-6ViF9bjassOuAdVC1txtNBtGXEQQGKAfBYdjhM9o4fE="}]},{"Route":"templates/50122610-436e-4204-9cea-a75079cd7697.html","AssetFile":"templates/50122610-436e-4204-9cea-a75079cd7697.html","Selectors":[],"ResponseHeaders":[{"Name":"Accept-Ranges","Value":"bytes"},{"Name":"Cache-Control","Value":"no-cache"},{"Name":"Content-Length","Value":"42931"},{"Name":"Content-Type","Value":"text/html"},{"Name":"ETag","Value":"\"fBDdiW7YQ7K7RwlW3uxs7mmo4ladDRkozPzbrJP98DQ=\""},{"Name":"Last-Modified","Value":"Tue, 25 Feb 2025 16:18:25 GMT"}],"EndpointProperties":[{"Name":"integrity","Value":"sha256-fBDdiW7YQ7K7RwlW3uxs7mmo4ladDRkozPzbrJP98DQ="}]},{"Route":"templates/50122610-436e-4204-9cea-a75079cd7697.kwjzom70jj.html","AssetFile":"templates/50122610-436e-4204-9cea-a75079cd7697.html","Selectors":[],"ResponseHeaders":[{"Name":"Accept-Ranges","Value":"bytes"},{"Name":"Cache-Control","Value":"max-age=31536000, immutable"},{"Name":"Content-Length","Value":"42931"},{"Name":"Content-Type","Value":"text/html"},{"Name":"ETag","Value":"\"fBDdiW7YQ7K7RwlW3uxs7mmo4ladDRkozPzbrJP98DQ=\""},{"Name":"Last-Modified","Value":"Tue, 25 Feb 2025 16:18:25 GMT"}],"EndpointProperties":[{"Name":"fingerprint","Value":"kwjzom70jj"},{"Name":"integrity","Value":"sha256-fBDdiW7YQ7K7RwlW3uxs7mmo4ladDRkozPzbrJP98DQ="},{"Name":"label","Value":"templates/50122610-436e-4204-9cea-a75079cd7697.html"}]},{"Route":"templates/57bd3a39-2ba1-4b46-ab93-066a77d428cd.html","AssetFile":"templates/57bd3a39-2ba1-4b46-ab93-066a77d428cd.html","Selectors":[],"ResponseHeaders":[{"Name":"Accept-Ranges","Value":"bytes"},{"Name":"Cache-Control","Value":"no-cache"},{"Name":"Content-Length","Value":"1550502"},{"Name":"Content-Type","Value":"text/html"},{"Name":"ETag","Value":"\"fwynBO38LANTAg2C4f8AM7/LorjFdDkeeh5U3wqTjzs=\""},{"Name":"Last-Modified","Value":"Tue, 25 Feb 2025 16:18:25 GMT"}],"EndpointProperties":[{"Name":"integrity","Value":"sha256-fwynBO38LANTAg2C4f8AM7/LorjFdDkeeh5U3wqTjzs="}]},{"Route":"templates/57bd3a39-2ba1-4b46-ab93-066a77d428cd.zbh3ycgykx.html","AssetFile":"templates/57bd3a39-2ba1-4b46-ab93-066a77d428cd.html","Selectors":[],"ResponseHeaders":[{"Name":"Accept-Ranges","Value":"bytes"},{"Name":"Cache-Control","Value":"max-age=31536000, immutable"},{"Name":"Content-Length","Value":"1550502"},{"Name":"Content-Type","Value":"text/html"},{"Name":"ETag","Value":"\"fwynBO38LANTAg2C4f8AM7/LorjFdDkeeh5U3wqTjzs=\""},{"Name":"Last-Modified","Value":"Tue, 25 Feb 2025 16:18:25 GMT"}],"EndpointProperties":[{"Name":"fingerprint","Value":"zbh3ycgykx"},{"Name":"integrity","Value":"sha256-fwynBO38LANTAg2C4f8AM7/LorjFdDkeeh5U3wqTjzs="},{"Name":"label","Value":"templates/57bd3a39-2ba1-4b46-ab93-066a77d428cd.html"}]},{"Route":"templates/5ac911b0-f883-4e6c-aa9d-4969997ec263.3dw1hr5ol0.ico","AssetFile":"templates/5ac911b0-f883-4e6c-aa9d-4969997ec263.ico","Selectors":[],"ResponseHeaders":[{"Name":"Accept-Ranges","Value":"bytes"},{"Name":"Cache-Control","Value":"max-age=31536000, immutable"},{"Name":"Content-Length","Value":"126997"},{"Name":"Content-Type","Value":"image/x-icon"},{"Name":"ETag","Value":"\"6ViF9bjassOuAdVC1txtNBtGXEQQGKAfBYdjhM9o4fE=\""},{"Name":"Last-Modified","Value":"Tue, 25 Feb 2025 16:18:25 GMT"}],"EndpointProperties":[{"Name":"fingerprint","Value":"3dw1hr5ol0"},{"Name":"integrity","Value":"sha256-6ViF9bjassOuAdVC1txtNBtGXEQQGKAfBYdjhM9o4fE="},{"Name":"label","Value":"templates/5ac911b0-f883-4e6c-aa9d-4969997ec263.ico"}]},{"Route":"templates/5ac911b0-f883-4e6c-aa9d-4969997ec263.ico","AssetFile":"templates/5ac911b0-f883-4e6c-aa9d-4969997ec263.ico","Selectors":[],"ResponseHeaders":[{"Name":"Accept-Ranges","Value":"bytes"},{"Name":"Cache-Control","Value":"no-cache"},{"Name":"Content-Length","Value":"126997"},{"Name":"Content-Type","Value":"image/x-icon"},{"Name":"ETag","Value":"\"6ViF9bjassOuAdVC1txtNBtGXEQQGKAfBYdjhM9o4fE=\""},{"Name":"Last-Modified","Value":"Tue, 25 Feb 2025 16:18:25 GMT"}],"EndpointProperties":[{"Name":"integrity","Value":"sha256-6ViF9bjassOuAdVC1txtNBtGXEQQGKAfBYdjhM9o4fE="}]},{"Route":"templates/67e6a800-d502-402d-8f9b-82df40d1e078.pmh2kmc294.png","AssetFile":"templates/67e6a800-d502-402d-8f9b-82df40d1e078.png","Selectors":[],"ResponseHeaders":[{"Name":"Accept-Ranges","Value":"bytes"},{"Name":"Cache-Control","Value":"max-age=31536000, immutable"},{"Name":"Content-Length","Value":"3010"},{"Name":"Content-Type","Value":"image/png"},{"Name":"ETag","Value":"\"wbHWvdY8PNUEA6eSQzTY7DE6scYqGlmdle/UO38jpJ4=\""},{"Name":"Last-Modified","Value":"Tue, 25 Feb 2025 16:18:25 GMT"}],"EndpointProperties":[{"Name":"fingerprint","Value":"pmh2kmc294"},{"Name":"integrity","Value":"sha256-wbHWvdY8PNUEA6eSQzTY7DE6scYqGlmdle/UO38jpJ4="},{"Name":"label","Value":"templates/67e6a800-d502-402d-8f9b-82df40d1e078.png"}]},{"Route":"templates/67e6a800-d502-402d-8f9b-82df40d1e078.png","AssetFile":"templates/67e6a800-d502-402d-8f9b-82df40d1e078.png","Selectors":[],"ResponseHeaders":[{"Name":"Accept-Ranges","Value":"bytes"},{"Name":"Cache-Control","Value":"no-cache"},{"Name":"Content-Length","Value":"3010"},{"Name":"Content-Type","Value":"image/png"},{"Name":"ETag","Value":"\"wbHWvdY8PNUEA6eSQzTY7DE6scYqGlmdle/UO38jpJ4=\""},{"Name":"Last-Modified","Value":"Tue, 25 Feb 2025 16:18:25 GMT"}],"EndpointProperties":[{"Name":"integrity","Value":"sha256-wbHWvdY8PNUEA6eSQzTY7DE6scYqGlmdle/UO38jpJ4="}]},{"Route":"templates/7379b3b0-f937-4f96-b031-10a158780aa2.html","AssetFile":"templates/7379b3b0-f937-4f96-b031-10a158780aa2.html","Selectors":[],"ResponseHeaders":[{"Name":"Accept-Ranges","Value":"bytes"},{"Name":"Cache-Control","Value":"no-cache"},{"Name":"Content-Length","Value":"21941"},{"Name":"Content-Type","Value":"text/html"},{"Name":"ETag","Value":"\"mHdGdJ8m5pfvlQIlVe5BrpTuUSf/nqQjQpkTWLwBYAk=\""},{"Name":"Last-Modified","Value":"Tue, 25 Feb 2025 16:18:25 GMT"}],"EndpointProperties":[{"Name":"integrity","Value":"sha256-mHdGdJ8m5pfvlQIlVe5BrpTuUSf/nqQjQpkTWLwBYAk="}]},{"Route":"templates/7379b3b0-f937-4f96-b031-10a158780aa2.ktkkaa38xw.html","AssetFile":"templates/7379b3b0-f937-4f96-b031-10a158780aa2.html","Selectors":[],"ResponseHeaders":[{"Name":"Accept-Ranges","Value":"bytes"},{"Name":"Cache-Control","Value":"max-age=31536000, immutable"},{"Name":"Content-Length","Value":"21941"},{"Name":"Content-Type","Value":"text/html"},{"Name":"ETag","Value":"\"mHdGdJ8m5pfvlQIlVe5BrpTuUSf/nqQjQpkTWLwBYAk=\""},{"Name":"Last-Modified","Value":"Tue, 25 Feb 2025 16:18:25 GMT"}],"EndpointProperties":[{"Name":"fingerprint","Value":"ktkkaa38xw"},{"Name":"integrity","Value":"sha256-mHdGdJ8m5pfvlQIlVe5BrpTuUSf/nqQjQpkTWLwBYAk="},{"Name":"label","Value":"templates/7379b3b0-f937-4f96-b031-10a158780aa2.html"}]},{"Route":"templates/89487ca8-5010-421b-810a-fde38f7d7fb0.html","AssetFile":"templates/89487ca8-5010-421b-810a-fde38f7d7fb0.html","Selectors":[],"ResponseHeaders":[{"Name":"Accept-Ranges","Value":"bytes"},{"Name":"Cache-Control","Value":"no-cache"},{"Name":"Content-Length","Value":"1550502"},{"Name":"Content-Type","Value":"text/html"},{"Name":"ETag","Value":"\"fwynBO38LANTAg2C4f8AM7/LorjFdDkeeh5U3wqTjzs=\""},{"Name":"Last-Modified","Value":"Tue, 25 Feb 2025 16:18:25 GMT"}],"EndpointProperties":[{"Name":"integrity","Value":"sha256-fwynBO38LANTAg2C4f8AM7/LorjFdDkeeh5U3wqTjzs="}]},{"Route":"templates/89487ca8-5010-421b-810a-fde38f7d7fb0.zbh3ycgykx.html","AssetFile":"templates/89487ca8-5010-421b-810a-fde38f7d7fb0.html","Selectors":[],"ResponseHeaders":[{"Name":"Accept-Ranges","Value":"bytes"},{"Name":"Cache-Control","Value":"max-age=31536000, immutable"},{"Name":"Content-Length","Value":"1550502"},{"Name":"Content-Type","Value":"text/html"},{"Name":"ETag","Value":"\"fwynBO38LANTAg2C4f8AM7/LorjFdDkeeh5U3wqTjzs=\""},{"Name":"Last-Modified","Value":"Tue, 25 Feb 2025 16:18:25 GMT"}],"EndpointProperties":[{"Name":"fingerprint","Value":"zbh3ycgykx"},{"Name":"integrity","Value":"sha256-fwynBO38LANTAg2C4f8AM7/LorjFdDkeeh5U3wqTjzs="},{"Name":"label","Value":"templates/89487ca8-5010-421b-810a-fde38f7d7fb0.html"}]},{"Route":"templates/89d4bb30-e2de-4d70-ac53-54712aaad4cb.html","AssetFile":"templates/89d4bb30-e2de-4d70-ac53-54712aaad4cb.html","Selectors":[],"ResponseHeaders":[{"Name":"Accept-Ranges","Value":"bytes"},{"Name":"Cache-Control","Value":"no-cache"},{"Name":"Content-Length","Value":"1550502"},{"Name":"Content-Type","Value":"text/html"},{"Name":"ETag","Value":"\"fwynBO38LANTAg2C4f8AM7/LorjFdDkeeh5U3wqTjzs=\""},{"Name":"Last-Modified","Value":"Tue, 25 Feb 2025 16:18:25 GMT"}],"EndpointProperties":[{"Name":"integrity","Value":"sha256-fwynBO38LANTAg2C4f8AM7/LorjFdDkeeh5U3wqTjzs="}]},{"Route":"templates/89d4bb30-e2de-4d70-ac53-54712aaad4cb.zbh3ycgykx.html","AssetFile":"templates/89d4bb30-e2de-4d70-ac53-54712aaad4cb.html","Selectors":[],"ResponseHeaders":[{"Name":"Accept-Ranges","Value":"bytes"},{"Name":"Cache-Control","Value":"max-age=31536000, immutable"},{"Name":"Content-Length","Value":"1550502"},{"Name":"Content-Type","Value":"text/html"},{"Name":"ETag","Value":"\"fwynBO38LANTAg2C4f8AM7/LorjFdDkeeh5U3wqTjzs=\""},{"Name":"Last-Modified","Value":"Tue, 25 Feb 2025 16:18:25 GMT"}],"EndpointProperties":[{"Name":"fingerprint","Value":"zbh3ycgykx"},{"Name":"integrity","Value":"sha256-fwynBO38LANTAg2C4f8AM7/LorjFdDkeeh5U3wqTjzs="},{"Name":"label","Value":"templates/89d4bb30-e2de-4d70-ac53-54712aaad4cb.html"}]},{"Route":"templates/a4a579c0-a9b2-4b33-8baf-f07e4d8040ec.3dw1hr5ol0.ico","AssetFile":"templates/a4a579c0-a9b2-4b33-8baf-f07e4d8040ec.ico","Selectors":[],"ResponseHeaders":[{"Name":"Accept-Ranges","Value":"bytes"},{"Name":"Cache-Control","Value":"max-age=31536000, immutable"},{"Name":"Content-Length","Value":"126997"},{"Name":"Content-Type","Value":"image/x-icon"},{"Name":"ETag","Value":"\"6ViF9bjassOuAdVC1txtNBtGXEQQGKAfBYdjhM9o4fE=\""},{"Name":"Last-Modified","Value":"Tue, 25 Feb 2025 16:18:25 GMT"}],"EndpointProperties":[{"Name":"fingerprint","Value":"3dw1hr5ol0"},{"Name":"integrity","Value":"sha256-6ViF9bjassOuAdVC1txtNBtGXEQQGKAfBYdjhM9o4fE="},{"Name":"label","Value":"templates/a4a579c0-a9b2-4b33-8baf-f07e4d8040ec.ico"}]},{"Route":"templates/a4a579c0-a9b2-4b33-8baf-f07e4d8040ec.ico","AssetFile":"templates/a4a579c0-a9b2-4b33-8baf-f07e4d8040ec.ico","Selectors":[],"ResponseHeaders":[{"Name":"Accept-Ranges","Value":"bytes"},{"Name":"Cache-Control","Value":"no-cache"},{"Name":"Content-Length","Value":"126997"},{"Name":"Content-Type","Value":"image/x-icon"},{"Name":"ETag","Value":"\"6ViF9bjassOuAdVC1txtNBtGXEQQGKAfBYdjhM9o4fE=\""},{"Name":"Last-Modified","Value":"Tue, 25 Feb 2025 16:18:25 GMT"}],"EndpointProperties":[{"Name":"integrity","Value":"sha256-6ViF9bjassOuAdVC1txtNBtGXEQQGKAfBYdjhM9o4fE="}]},{"Route":"templates/a5d95b58-d112-47f9-aa43-1a696ed1b9c3.3dw1hr5ol0.ico","AssetFile":"templates/a5d95b58-d112-47f9-aa43-1a696ed1b9c3.ico","Selectors":[],"ResponseHeaders":[{"Name":"Accept-Ranges","Value":"bytes"},{"Name":"Cache-Control","Value":"max-age=31536000, immutable"},{"Name":"Content-Length","Value":"126997"},{"Name":"Content-Type","Value":"image/x-icon"},{"Name":"ETag","Value":"\"6ViF9bjassOuAdVC1txtNBtGXEQQGKAfBYdjhM9o4fE=\""},{"Name":"Last-Modified","Value":"Tue, 25 Feb 2025 16:18:25 GMT"}],"EndpointProperties":[{"Name":"fingerprint","Value":"3dw1hr5ol0"},{"Name":"integrity","Value":"sha256-6ViF9bjassOuAdVC1txtNBtGXEQQGKAfBYdjhM9o4fE="},{"Name":"label","Value":"templates/a5d95b58-d112-47f9-aa43-1a696ed1b9c3.ico"}]},{"Route":"templates/a5d95b58-d112-47f9-aa43-1a696ed1b9c3.ico","AssetFile":"templates/a5d95b58-d112-47f9-aa43-1a696ed1b9c3.ico","Selectors":[],"ResponseHeaders":[{"Name":"Accept-Ranges","Value":"bytes"},{"Name":"Cache-Control","Value":"no-cache"},{"Name":"Content-Length","Value":"126997"},{"Name":"Content-Type","Value":"image/x-icon"},{"Name":"ETag","Value":"\"6ViF9bjassOuAdVC1txtNBtGXEQQGKAfBYdjhM9o4fE=\""},{"Name":"Last-Modified","Value":"Tue, 25 Feb 2025 16:18:25 GMT"}],"EndpointProperties":[{"Name":"integrity","Value":"sha256-6ViF9bjassOuAdVC1txtNBtGXEQQGKAfBYdjhM9o4fE="}]},{"Route":"templates/af70d190-04a1-4ee9-a195-660c2f1a17b4.html","AssetFile":"templates/af70d190-04a1-4ee9-a195-660c2f1a17b4.html","Selectors":[],"ResponseHeaders":[{"Name":"Accept-Ranges","Value":"bytes"},{"Name":"Cache-Control","Value":"no-cache"},{"Name":"Content-Length","Value":"21941"},{"Name":"Content-Type","Value":"text/html"},{"Name":"ETag","Value":"\"mHdGdJ8m5pfvlQIlVe5BrpTuUSf/nqQjQpkTWLwBYAk=\""},{"Name":"Last-Modified","Value":"Tue, 25 Feb 2025 16:18:25 GMT"}],"EndpointProperties":[{"Name":"integrity","Value":"sha256-mHdGdJ8m5pfvlQIlVe5BrpTuUSf/nqQjQpkTWLwBYAk="}]},{"Route":"templates/af70d190-04a1-4ee9-a195-660c2f1a17b4.ktkkaa38xw.html","AssetFile":"templates/af70d190-04a1-4ee9-a195-660c2f1a17b4.html","Selectors":[],"ResponseHeaders":[{"Name":"Accept-Ranges","Value":"bytes"},{"Name":"Cache-Control","Value":"max-age=31536000, immutable"},{"Name":"Content-Length","Value":"21941"},{"Name":"Content-Type","Value":"text/html"},{"Name":"ETag","Value":"\"mHdGdJ8m5pfvlQIlVe5BrpTuUSf/nqQjQpkTWLwBYAk=\""},{"Name":"Last-Modified","Value":"Tue, 25 Feb 2025 16:18:25 GMT"}],"EndpointProperties":[{"Name":"fingerprint","Value":"ktkkaa38xw"},{"Name":"integrity","Value":"sha256-mHdGdJ8m5pfvlQIlVe5BrpTuUSf/nqQjQpkTWLwBYAk="},{"Name":"label","Value":"templates/af70d190-04a1-4ee9-a195-660c2f1a17b4.html"}]},{"Route":"templates/bfb7b90d-fb77-4128-a911-ba2da023ebe2.html","AssetFile":"templates/bfb7b90d-fb77-4128-a911-ba2da023ebe2.html","Selectors":[],"ResponseHeaders":[{"Name":"Accept-Ranges","Value":"bytes"},{"Name":"Cache-Control","Value":"no-cache"},{"Name":"Content-Length","Value":"53604"},{"Name":"Content-Type","Value":"text/html"},{"Name":"ETag","Value":"\"coiGC+DnLaQcYmWq3ougtkxwvoVHASeyqiycrZtI8JY=\""},{"Name":"Last-Modified","Value":"Tue, 25 Feb 2025 16:18:25 GMT"}],"EndpointProperties":[{"Name":"integrity","Value":"sha256-coiGC+DnLaQcYmWq3ougtkxwvoVHASeyqiycrZtI8JY="}]},{"Route":"templates/bfb7b90d-fb77-4128-a911-ba2da023ebe2.mfw5xh3ubn.html","AssetFile":"templates/bfb7b90d-fb77-4128-a911-ba2da023ebe2.html","Selectors":[],"ResponseHeaders":[{"Name":"Accept-Ranges","Value":"bytes"},{"Name":"Cache-Control","Value":"max-age=31536000, immutable"},{"Name":"Content-Length","Value":"53604"},{"Name":"Content-Type","Value":"text/html"},{"Name":"ETag","Value":"\"coiGC+DnLaQcYmWq3ougtkxwvoVHASeyqiycrZtI8JY=\""},{"Name":"Last-Modified","Value":"Tue, 25 Feb 2025 16:18:25 GMT"}],"EndpointProperties":[{"Name":"fingerprint","Value":"mfw5xh3ubn"},{"Name":"integrity","Value":"sha256-coiGC+DnLaQcYmWq3ougtkxwvoVHASeyqiycrZtI8JY="},{"Name":"label","Value":"templates/bfb7b90d-fb77-4128-a911-ba2da023ebe2.html"}]},{"Route":"templates/c26b3d5f-1bbf-467e-a3f8-b35ef78385dd.html","AssetFile":"templates/c26b3d5f-1bbf-467e-a3f8-b35ef78385dd.html","Selectors":[],"ResponseHeaders":[{"Name":"Accept-Ranges","Value":"bytes"},{"Name":"Cache-Control","Value":"no-cache"},{"Name":"Content-Length","Value":"42931"},{"Name":"Content-Type","Value":"text/html"},{"Name":"ETag","Value":"\"fBDdiW7YQ7K7RwlW3uxs7mmo4ladDRkozPzbrJP98DQ=\""},{"Name":"Last-Modified","Value":"Tue, 25 Feb 2025 16:18:25 GMT"}],"EndpointProperties":[{"Name":"integrity","Value":"sha256-fBDdiW7YQ7K7RwlW3uxs7mmo4ladDRkozPzbrJP98DQ="}]},{"Route":"templates/c26b3d5f-1bbf-467e-a3f8-b35ef78385dd.kwjzom70jj.html","AssetFile":"templates/c26b3d5f-1bbf-467e-a3f8-b35ef78385dd.html","Selectors":[],"ResponseHeaders":[{"Name":"Accept-Ranges","Value":"bytes"},{"Name":"Cache-Control","Value":"max-age=31536000, immutable"},{"Name":"Content-Length","Value":"42931"},{"Name":"Content-Type","Value":"text/html"},{"Name":"ETag","Value":"\"fBDdiW7YQ7K7RwlW3uxs7mmo4ladDRkozPzbrJP98DQ=\""},{"Name":"Last-Modified","Value":"Tue, 25 Feb 2025 16:18:25 GMT"}],"EndpointProperties":[{"Name":"fingerprint","Value":"kwjzom70jj"},{"Name":"integrity","Value":"sha256-fBDdiW7YQ7K7RwlW3uxs7mmo4ladDRkozPzbrJP98DQ="},{"Name":"label","Value":"templates/c26b3d5f-1bbf-467e-a3f8-b35ef78385dd.html"}]},{"Route":"templates/c6654dc7-17cf-48d0-8552-75985bd57b4b.html","AssetFile":"templates/c6654dc7-17cf-48d0-8552-75985bd57b4b.html","Selectors":[],"ResponseHeaders":[{"Name":"Accept-Ranges","Value":"bytes"},{"Name":"Cache-Control","Value":"no-cache"},{"Name":"Content-Length","Value":"53604"},{"Name":"Content-Type","Value":"text/html"},{"Name":"ETag","Value":"\"coiGC+DnLaQcYmWq3ougtkxwvoVHASeyqiycrZtI8JY=\""},{"Name":"Last-Modified","Value":"Tue, 25 Feb 2025 16:18:25 GMT"}],"EndpointProperties":[{"Name":"integrity","Value":"sha256-coiGC+DnLaQcYmWq3ougtkxwvoVHASeyqiycrZtI8JY="}]},{"Route":"templates/c6654dc7-17cf-48d0-8552-75985bd57b4b.mfw5xh3ubn.html","AssetFile":"templates/c6654dc7-17cf-48d0-8552-75985bd57b4b.html","Selectors":[],"ResponseHeaders":[{"Name":"Accept-Ranges","Value":"bytes"},{"Name":"Cache-Control","Value":"max-age=31536000, immutable"},{"Name":"Content-Length","Value":"53604"},{"Name":"Content-Type","Value":"text/html"},{"Name":"ETag","Value":"\"coiGC+DnLaQcYmWq3ougtkxwvoVHASeyqiycrZtI8JY=\""},{"Name":"Last-Modified","Value":"Tue, 25 Feb 2025 16:18:25 GMT"}],"EndpointProperties":[{"Name":"fingerprint","Value":"mfw5xh3ubn"},{"Name":"integrity","Value":"sha256-coiGC+DnLaQcYmWq3ougtkxwvoVHASeyqiycrZtI8JY="},{"Name":"label","Value":"templates/c6654dc7-17cf-48d0-8552-75985bd57b4b.html"}]},{"Route":"templates/ca84f8cc-9f24-47bb-932b-859863beec33.n6f6b00ruf.png","AssetFile":"templates/ca84f8cc-9f24-47bb-932b-859863beec33.png","Selectors":[],"ResponseHeaders":[{"Name":"Accept-Ranges","Value":"bytes"},{"Name":"Cache-Control","Value":"max-age=31536000, immutable"},{"Name":"Content-Length","Value":"58045"},{"Name":"Content-Type","Value":"image/png"},{"Name":"ETag","Value":"\"ocLm1gsmuGvJkM+Ef5qaWs0se7CDfOkYMdRiDnK5Lxc=\""},{"Name":"Last-Modified","Value":"Tue, 25 Feb 2025 16:18:25 GMT"}],"EndpointProperties":[{"Name":"fingerprint","Value":"n6f6b00ruf"},{"Name":"integrity","Value":"sha256-ocLm1gsmuGvJkM+Ef5qaWs0se7CDfOkYMdRiDnK5Lxc="},{"Name":"label","Value":"templates/ca84f8cc-9f24-47bb-932b-859863beec33.png"}]},{"Route":"templates/ca84f8cc-9f24-47bb-932b-859863beec33.png","AssetFile":"templates/ca84f8cc-9f24-47bb-932b-859863beec33.png","Selectors":[],"ResponseHeaders":[{"Name":"Accept-Ranges","Value":"bytes"},{"Name":"Cache-Control","Value":"no-cache"},{"Name":"Content-Length","Value":"58045"},{"Name":"Content-Type","Value":"image/png"},{"Name":"ETag","Value":"\"ocLm1gsmuGvJkM+Ef5qaWs0se7CDfOkYMdRiDnK5Lxc=\""},{"Name":"Last-Modified","Value":"Tue, 25 Feb 2025 16:18:25 GMT"}],"EndpointProperties":[{"Name":"integrity","Value":"sha256-ocLm1gsmuGvJkM+Ef5qaWs0se7CDfOkYMdRiDnK5Lxc="}]},{"Route":"templates/cf7abe1a-d4bd-426d-a34e-5762bff7aa05.dqorzz4nb8.html","AssetFile":"templates/cf7abe1a-d4bd-426d-a34e-5762bff7aa05.html","Selectors":[],"ResponseHeaders":[{"Name":"Accept-Ranges","Value":"bytes"},{"Name":"Cache-Control","Value":"max-age=31536000, immutable"},{"Name":"Content-Length","Value":"4603"},{"Name":"Content-Type","Value":"text/html"},{"Name":"ETag","Value":"\"9SSogSFrKvktr6+fKufsB4s8h6pPqSUDgM+r+Sq7KEk=\""},{"Name":"Last-Modified","Value":"Tue, 25 Feb 2025 16:18:25 GMT"}],"EndpointProperties":[{"Name":"fingerprint","Value":"dqorzz4nb8"},{"Name":"integrity","Value":"sha256-9SSogSFrKvktr6+fKufsB4s8h6pPqSUDgM+r+Sq7KEk="},{"Name":"label","Value":"templates/cf7abe1a-d4bd-426d-a34e-5762bff7aa05.html"}]},{"Route":"templates/cf7abe1a-d4bd-426d-a34e-5762bff7aa05.html","AssetFile":"templates/cf7abe1a-d4bd-426d-a34e-5762bff7aa05.html","Selectors":[],"ResponseHeaders":[{"Name":"Accept-Ranges","Value":"bytes"},{"Name":"Cache-Control","Value":"no-cache"},{"Name":"Content-Length","Value":"4603"},{"Name":"Content-Type","Value":"text/html"},{"Name":"ETag","Value":"\"9SSogSFrKvktr6+fKufsB4s8h6pPqSUDgM+r+Sq7KEk=\""},{"Name":"Last-Modified","Value":"Tue, 25 Feb 2025 16:18:25 GMT"}],"EndpointProperties":[{"Name":"integrity","Value":"sha256-9SSogSFrKvktr6+fKufsB4s8h6pPqSUDgM+r+Sq7KEk="}]},{"Route":"templates/ea88a880-467b-47d4-a330-493fd3dd421a.pmh2kmc294.png","AssetFile":"templates/ea88a880-467b-47d4-a330-493fd3dd421a.png","Selectors":[],"ResponseHeaders":[{"Name":"Accept-Ranges","Value":"bytes"},{"Name":"Cache-Control","Value":"max-age=31536000, immutable"},{"Name":"Content-Length","Value":"3010"},{"Name":"Content-Type","Value":"image/png"},{"Name":"ETag","Value":"\"wbHWvdY8PNUEA6eSQzTY7DE6scYqGlmdle/UO38jpJ4=\""},{"Name":"Last-Modified","Value":"Tue, 25 Feb 2025 16:18:25 GMT"}],"EndpointProperties":[{"Name":"fingerprint","Value":"pmh2kmc294"},{"Name":"integrity","Value":"sha256-wbHWvdY8PNUEA6eSQzTY7DE6scYqGlmdle/UO38jpJ4="},{"Name":"label","Value":"templates/ea88a880-467b-47d4-a330-493fd3dd421a.png"}]},{"Route":"templates/ea88a880-467b-47d4-a330-493fd3dd421a.png","AssetFile":"templates/ea88a880-467b-47d4-a330-493fd3dd421a.png","Selectors":[],"ResponseHeaders":[{"Name":"Accept-Ranges","Value":"bytes"},{"Name":"Cache-Control","Value":"no-cache"},{"Name":"Content-Length","Value":"3010"},{"Name":"Content-Type","Value":"image/png"},{"Name":"ETag","Value":"\"wbHWvdY8PNUEA6eSQzTY7DE6scYqGlmdle/UO38jpJ4=\""},{"Name":"Last-Modified","Value":"Tue, 25 Feb 2025 16:18:25 GMT"}],"EndpointProperties":[{"Name":"integrity","Value":"sha256-wbHWvdY8PNUEA6eSQzTY7DE6scYqGlmdle/UO38jpJ4="}]},{"Route":"templates/ebdb2776-23d8-4515-aa9b-9d126a2dac2b.dqorzz4nb8.html","AssetFile":"templates/ebdb2776-23d8-4515-aa9b-9d126a2dac2b.html","Selectors":[],"ResponseHeaders":[{"Name":"Accept-Ranges","Value":"bytes"},{"Name":"Cache-Control","Value":"max-age=31536000, immutable"},{"Name":"Content-Length","Value":"4603"},{"Name":"Content-Type","Value":"text/html"},{"Name":"ETag","Value":"\"9SSogSFrKvktr6+fKufsB4s8h6pPqSUDgM+r+Sq7KEk=\""},{"Name":"Last-Modified","Value":"Tue, 25 Feb 2025 16:24:53 GMT"}],"EndpointProperties":[{"Name":"fingerprint","Value":"dqorzz4nb8"},{"Name":"integrity","Value":"sha256-9SSogSFrKvktr6+fKufsB4s8h6pPqSUDgM+r+Sq7KEk="},{"Name":"label","Value":"templates/ebdb2776-23d8-4515-aa9b-9d126a2dac2b.html"}]},{"Route":"templates/ebdb2776-23d8-4515-aa9b-9d126a2dac2b.html","AssetFile":"templates/ebdb2776-23d8-4515-aa9b-9d126a2dac2b.html","Selectors":[],"ResponseHeaders":[{"Name":"Accept-Ranges","Value":"bytes"},{"Name":"Cache-Control","Value":"no-cache"},{"Name":"Content-Length","Value":"4603"},{"Name":"Content-Type","Value":"text/html"},{"Name":"ETag","Value":"\"9SSogSFrKvktr6+fKufsB4s8h6pPqSUDgM+r+Sq7KEk=\""},{"Name":"Last-Modified","Value":"Tue, 25 Feb 2025 16:24:53 GMT"}],"EndpointProperties":[{"Name":"integrity","Value":"sha256-9SSogSFrKvktr6+fKufsB4s8h6pPqSUDgM+r+Sq7KEk="}]},{"Route":"templates/ef7a86f0-d416-43c5-b494-c81da590e38a.html","AssetFile":"templates/ef7a86f0-d416-43c5-b494-c81da590e38a.html","Selectors":[],"ResponseHeaders":[{"Name":"Accept-Ranges","Value":"bytes"},{"Name":"Cache-Control","Value":"no-cache"},{"Name":"Content-Length","Value":"42931"},{"Name":"Content-Type","Value":"text/html"},{"Name":"ETag","Value":"\"fBDdiW7YQ7K7RwlW3uxs7mmo4ladDRkozPzbrJP98DQ=\""},{"Name":"Last-Modified","Value":"Tue, 25 Feb 2025 16:18:25 GMT"}],"EndpointProperties":[{"Name":"integrity","Value":"sha256-fBDdiW7YQ7K7RwlW3uxs7mmo4ladDRkozPzbrJP98DQ="}]},{"Route":"templates/ef7a86f0-d416-43c5-b494-c81da590e38a.kwjzom70jj.html","AssetFile":"templates/ef7a86f0-d416-43c5-b494-c81da590e38a.html","Selectors":[],"ResponseHeaders":[{"Name":"Accept-Ranges","Value":"bytes"},{"Name":"Cache-Control","Value":"max-age=31536000, immutable"},{"Name":"Content-Length","Value":"42931"},{"Name":"Content-Type","Value":"text/html"},{"Name":"ETag","Value":"\"fBDdiW7YQ7K7RwlW3uxs7mmo4ladDRkozPzbrJP98DQ=\""},{"Name":"Last-Modified","Value":"Tue, 25 Feb 2025 16:18:25 GMT"}],"EndpointProperties":[{"Name":"fingerprint","Value":"kwjzom70jj"},{"Name":"integrity","Value":"sha256-fBDdiW7YQ7K7RwlW3uxs7mmo4ladDRkozPzbrJP98DQ="},{"Name":"label","Value":"templates/ef7a86f0-d416-43c5-b494-c81da590e38a.html"}]},{"Route":"templates/f2270a9f-ab06-4864-9699-1baaa890ef26.html","AssetFile":"templates/f2270a9f-ab06-4864-9699-1baaa890ef26.html","Selectors":[],"ResponseHeaders":[{"Name":"Accept-Ranges","Value":"bytes"},{"Name":"Cache-Control","Value":"no-cache"},{"Name":"Content-Length","Value":"53604"},{"Name":"Content-Type","Value":"text/html"},{"Name":"ETag","Value":"\"coiGC+DnLaQcYmWq3ougtkxwvoVHASeyqiycrZtI8JY=\""},{"Name":"Last-Modified","Value":"Tue, 25 Feb 2025 16:18:25 GMT"}],"EndpointProperties":[{"Name":"integrity","Value":"sha256-coiGC+DnLaQcYmWq3ougtkxwvoVHASeyqiycrZtI8JY="}]},{"Route":"templates/f2270a9f-ab06-4864-9699-1baaa890ef26.mfw5xh3ubn.html","AssetFile":"templates/f2270a9f-ab06-4864-9699-1baaa890ef26.html","Selectors":[],"ResponseHeaders":[{"Name":"Accept-Ranges","Value":"bytes"},{"Name":"Cache-Control","Value":"max-age=31536000, immutable"},{"Name":"Content-Length","Value":"53604"},{"Name":"Content-Type","Value":"text/html"},{"Name":"ETag","Value":"\"coiGC+DnLaQcYmWq3ougtkxwvoVHASeyqiycrZtI8JY=\""},{"Name":"Last-Modified","Value":"Tue, 25 Feb 2025 16:18:25 GMT"}],"EndpointProperties":[{"Name":"fingerprint","Value":"mfw5xh3ubn"},{"Name":"integrity","Value":"sha256-coiGC+DnLaQcYmWq3ougtkxwvoVHASeyqiycrZtI8JY="},{"Name":"label","Value":"templates/f2270a9f-ab06-4864-9699-1baaa890ef26.html"}]},{"Route":"templates/f960c0f8-297f-4f38-a844-3a1f45c604d2.html","AssetFile":"templates/f960c0f8-297f-4f38-a844-3a1f45c604d2.html","Selectors":[],"ResponseHeaders":[{"Name":"Accept-Ranges","Value":"bytes"},{"Name":"Cache-Control","Value":"no-cache"},{"Name":"Content-Length","Value":"53604"},{"Name":"Content-Type","Value":"text/html"},{"Name":"ETag","Value":"\"coiGC+DnLaQcYmWq3ougtkxwvoVHASeyqiycrZtI8JY=\""},{"Name":"Last-Modified","Value":"Tue, 25 Feb 2025 16:18:25 GMT"}],"EndpointProperties":[{"Name":"integrity","Value":"sha256-coiGC+DnLaQcYmWq3ougtkxwvoVHASeyqiycrZtI8JY="}]},{"Route":"templates/f960c0f8-297f-4f38-a844-3a1f45c604d2.mfw5xh3ubn.html","AssetFile":"templates/f960c0f8-297f-4f38-a844-3a1f45c604d2.html","Selectors":[],"ResponseHeaders":[{"Name":"Accept-Ranges","Value":"bytes"},{"Name":"Cache-Control","Value":"max-age=31536000, immutable"},{"Name":"Content-Length","Value":"53604"},{"Name":"Content-Type","Value":"text/html"},{"Name":"ETag","Value":"\"coiGC+DnLaQcYmWq3ougtkxwvoVHASeyqiycrZtI8JY=\""},{"Name":"Last-Modified","Value":"Tue, 25 Feb 2025 16:18:25 GMT"}],"EndpointProperties":[{"Name":"fingerprint","Value":"mfw5xh3ubn"},{"Name":"integrity","Value":"sha256-coiGC+DnLaQcYmWq3ougtkxwvoVHASeyqiycrZtI8JY="},{"Name":"label","Value":"templates/f960c0f8-297f-4f38-a844-3a1f45c604d2.html"}]},{"Route":"templatesSMS/2de9dab8-ae12-4b82-a0f2-86636eb09339.t9oe0lzgbr.txt","AssetFile":"templatesSMS/2de9dab8-ae12-4b82-a0f2-86636eb09339.txt","Selectors":[],"ResponseHeaders":[{"Name":"Accept-Ranges","Value":"bytes"},{"Name":"Cache-Control","Value":"max-age=31536000, immutable"},{"Name":"Content-Length","Value":"268"},{"Name":"Content-Type","Value":"text/plain"},{"Name":"ETag","Value":"\"YRZ0gZX8DZceDDtmdIgRGGqHY2SJ9kup/q0SvnpW2kw=\""},{"Name":"Last-Modified","Value":"Tue, 25 Feb 2025 16:18:25 GMT"}],"EndpointProperties":[{"Name":"fingerprint","Value":"t9oe0lzgbr"},{"Name":"integrity","Value":"sha256-YRZ0gZX8DZceDDtmdIgRGGqHY2SJ9kup/q0SvnpW2kw="},{"Name":"label","Value":"templatesSMS/2de9dab8-ae12-4b82-a0f2-86636eb09339.txt"}]},{"Route":"templatesSMS/2de9dab8-ae12-4b82-a0f2-86636eb09339.txt","AssetFile":"templatesSMS/2de9dab8-ae12-4b82-a0f2-86636eb09339.txt","Selectors":[],"ResponseHeaders":[{"Name":"Accept-Ranges","Value":"bytes"},{"Name":"Cache-Control","Value":"no-cache"},{"Name":"Content-Length","Value":"268"},{"Name":"Content-Type","Value":"text/plain"},{"Name":"ETag","Value":"\"YRZ0gZX8DZceDDtmdIgRGGqHY2SJ9kup/q0SvnpW2kw=\""},{"Name":"Last-Modified","Value":"Tue, 25 Feb 2025 16:18:25 GMT"}],"EndpointProperties":[{"Name":"integrity","Value":"sha256-YRZ0gZX8DZceDDtmdIgRGGqHY2SJ9kup/q0SvnpW2kw="}]},{"Route":"templatesSMS/3f63d5ab-1abe-40cf-867a-2b8f17cc8451.txt","AssetFile":"templatesSMS/3f63d5ab-1abe-40cf-867a-2b8f17cc8451.txt","Selectors":[],"ResponseHeaders":[{"Name":"Accept-Ranges","Value":"bytes"},{"Name":"Cache-Control","Value":"no-cache"},{"Name":"Content-Length","Value":"26"},{"Name":"Content-Type","Value":"text/plain"},{"Name":"ETag","Value":"\"b+/mF/BomccphsKdN2MfHFFNAB7mTiSRGNoLjwVWevw=\""},{"Name":"Last-Modified","Value":"Tue, 25 Feb 2025 16:18:25 GMT"}],"EndpointProperties":[{"Name":"integrity","Value":"sha256-b+/mF/BomccphsKdN2MfHFFNAB7mTiSRGNoLjwVWevw="}]},{"Route":"templatesSMS/3f63d5ab-1abe-40cf-867a-2b8f17cc8451.z750dyqdfs.txt","AssetFile":"templatesSMS/3f63d5ab-1abe-40cf-867a-2b8f17cc8451.txt","Selectors":[],"ResponseHeaders":[{"Name":"Accept-Ranges","Value":"bytes"},{"Name":"Cache-Control","Value":"max-age=31536000, immutable"},{"Name":"Content-Length","Value":"26"},{"Name":"Content-Type","Value":"text/plain"},{"Name":"ETag","Value":"\"b+/mF/BomccphsKdN2MfHFFNAB7mTiSRGNoLjwVWevw=\""},{"Name":"Last-Modified","Value":"Tue, 25 Feb 2025 16:18:25 GMT"}],"EndpointProperties":[{"Name":"fingerprint","Value":"z750dyqdfs"},{"Name":"integrity","Value":"sha256-b+/mF/BomccphsKdN2MfHFFNAB7mTiSRGNoLjwVWevw="},{"Name":"label","Value":"templatesSMS/3f63d5ab-1abe-40cf-867a-2b8f17cc8451.txt"}]},{"Route":"templatesSMS/4ec5c337-03cf-4e2b-8894-6a0536f35b42.txt","AssetFile":"templatesSMS/4ec5c337-03cf-4e2b-8894-6a0536f35b42.txt","Selectors":[],"ResponseHeaders":[{"Name":"Accept-Ranges","Value":"bytes"},{"Name":"Cache-Control","Value":"no-cache"},{"Name":"Content-Length","Value":"583"},{"Name":"Content-Type","Value":"text/plain"},{"Name":"ETag","Value":"\"NvNFQ54ctsYJsJSR/ljXCzlj7bWF6lPPUj8gHJ9eyHM=\""},{"Name":"Last-Modified","Value":"Tue, 25 Feb 2025 16:18:25 GMT"}],"EndpointProperties":[{"Name":"integrity","Value":"sha256-NvNFQ54ctsYJsJSR/ljXCzlj7bWF6lPPUj8gHJ9eyHM="}]},{"Route":"templatesSMS/4ec5c337-03cf-4e2b-8894-6a0536f35b42.uqvawtcvjt.txt","AssetFile":"templatesSMS/4ec5c337-03cf-4e2b-8894-6a0536f35b42.txt","Selectors":[],"ResponseHeaders":[{"Name":"Accept-Ranges","Value":"bytes"},{"Name":"Cache-Control","Value":"max-age=31536000, immutable"},{"Name":"Content-Length","Value":"583"},{"Name":"Content-Type","Value":"text/plain"},{"Name":"ETag","Value":"\"NvNFQ54ctsYJsJSR/ljXCzlj7bWF6lPPUj8gHJ9eyHM=\""},{"Name":"Last-Modified","Value":"Tue, 25 Feb 2025 16:18:25 GMT"}],"EndpointProperties":[{"Name":"fingerprint","Value":"uqvawtcvjt"},{"Name":"integrity","Value":"sha256-NvNFQ54ctsYJsJSR/ljXCzlj7bWF6lPPUj8gHJ9eyHM="},{"Name":"label","Value":"templatesSMS/4ec5c337-03cf-4e2b-8894-6a0536f35b42.txt"}]},{"Route":"templatesSMS/52fc82a3-6691-4713-ba01-2dc443dd4e6d.c719m1vvga.txt","AssetFile":"templatesSMS/52fc82a3-6691-4713-ba01-2dc443dd4e6d.txt","Selectors":[],"ResponseHeaders":[{"Name":"Accept-Ranges","Value":"bytes"},{"Name":"Cache-Control","Value":"max-age=31536000, immutable"},{"Name":"Content-Length","Value":"2852"},{"Name":"Content-Type","Value":"text/plain"},{"Name":"ETag","Value":"\"qGf2ucZGU2mCQ21BVUJImW+5bmI4LffcknmUYWbJvm0=\""},{"Name":"Last-Modified","Value":"Tue, 25 Feb 2025 16:18:25 GMT"}],"EndpointProperties":[{"Name":"fingerprint","Value":"c719m1vvga"},{"Name":"integrity","Value":"sha256-qGf2ucZGU2mCQ21BVUJImW+5bmI4LffcknmUYWbJvm0="},{"Name":"label","Value":"templatesSMS/52fc82a3-6691-4713-ba01-2dc443dd4e6d.txt"}]},{"Route":"templatesSMS/52fc82a3-6691-4713-ba01-2dc443dd4e6d.txt","AssetFile":"templatesSMS/52fc82a3-6691-4713-ba01-2dc443dd4e6d.txt","Selectors":[],"ResponseHeaders":[{"Name":"Accept-Ranges","Value":"bytes"},{"Name":"Cache-Control","Value":"no-cache"},{"Name":"Content-Length","Value":"2852"},{"Name":"Content-Type","Value":"text/plain"},{"Name":"ETag","Value":"\"qGf2ucZGU2mCQ21BVUJImW+5bmI4LffcknmUYWbJvm0=\""},{"Name":"Last-Modified","Value":"Tue, 25 Feb 2025 16:18:25 GMT"}],"EndpointProperties":[{"Name":"integrity","Value":"sha256-qGf2ucZGU2mCQ21BVUJImW+5bmI4LffcknmUYWbJvm0="}]},{"Route":"templatesSMS/53f26bca-c9e1-4278-93cf-4b53cdaed8b4.txt","AssetFile":"templatesSMS/53f26bca-c9e1-4278-93cf-4b53cdaed8b4.txt","Selectors":[],"ResponseHeaders":[{"Name":"Accept-Ranges","Value":"bytes"},{"Name":"Cache-Control","Value":"no-cache"},{"Name":"Content-Length","Value":"26"},{"Name":"Content-Type","Value":"text/plain"},{"Name":"ETag","Value":"\"b+/mF/BomccphsKdN2MfHFFNAB7mTiSRGNoLjwVWevw=\""},{"Name":"Last-Modified","Value":"Tue, 25 Feb 2025 16:18:25 GMT"}],"EndpointProperties":[{"Name":"integrity","Value":"sha256-b+/mF/BomccphsKdN2MfHFFNAB7mTiSRGNoLjwVWevw="}]},{"Route":"templatesSMS/53f26bca-c9e1-4278-93cf-4b53cdaed8b4.z750dyqdfs.txt","AssetFile":"templatesSMS/53f26bca-c9e1-4278-93cf-4b53cdaed8b4.txt","Selectors":[],"ResponseHeaders":[{"Name":"Accept-Ranges","Value":"bytes"},{"Name":"Cache-Control","Value":"max-age=31536000, immutable"},{"Name":"Content-Length","Value":"26"},{"Name":"Content-Type","Value":"text/plain"},{"Name":"ETag","Value":"\"b+/mF/BomccphsKdN2MfHFFNAB7mTiSRGNoLjwVWevw=\""},{"Name":"Last-Modified","Value":"Tue, 25 Feb 2025 16:18:25 GMT"}],"EndpointProperties":[{"Name":"fingerprint","Value":"z750dyqdfs"},{"Name":"integrity","Value":"sha256-b+/mF/BomccphsKdN2MfHFFNAB7mTiSRGNoLjwVWevw="},{"Name":"label","Value":"templatesSMS/53f26bca-c9e1-4278-93cf-4b53cdaed8b4.txt"}]},{"Route":"templatesSMS/5f1a3aae-5955-4dcb-af26-76c98ed3d9a9.txt","AssetFile":"templatesSMS/5f1a3aae-5955-4dcb-af26-76c98ed3d9a9.txt","Selectors":[],"ResponseHeaders":[{"Name":"Accept-Ranges","Value":"bytes"},{"Name":"Cache-Control","Value":"no-cache"},{"Name":"Content-Length","Value":"26"},{"Name":"Content-Type","Value":"text/plain"},{"Name":"ETag","Value":"\"b+/mF/BomccphsKdN2MfHFFNAB7mTiSRGNoLjwVWevw=\""},{"Name":"Last-Modified","Value":"Tue, 25 Feb 2025 16:18:25 GMT"}],"EndpointProperties":[{"Name":"integrity","Value":"sha256-b+/mF/BomccphsKdN2MfHFFNAB7mTiSRGNoLjwVWevw="}]},{"Route":"templatesSMS/5f1a3aae-5955-4dcb-af26-76c98ed3d9a9.z750dyqdfs.txt","AssetFile":"templatesSMS/5f1a3aae-5955-4dcb-af26-76c98ed3d9a9.txt","Selectors":[],"ResponseHeaders":[{"Name":"Accept-Ranges","Value":"bytes"},{"Name":"Cache-Control","Value":"max-age=31536000, immutable"},{"Name":"Content-Length","Value":"26"},{"Name":"Content-Type","Value":"text/plain"},{"Name":"ETag","Value":"\"b+/mF/BomccphsKdN2MfHFFNAB7mTiSRGNoLjwVWevw=\""},{"Name":"Last-Modified","Value":"Tue, 25 Feb 2025 16:18:25 GMT"}],"EndpointProperties":[{"Name":"fingerprint","Value":"z750dyqdfs"},{"Name":"integrity","Value":"sha256-b+/mF/BomccphsKdN2MfHFFNAB7mTiSRGNoLjwVWevw="},{"Name":"label","Value":"templatesSMS/5f1a3aae-5955-4dcb-af26-76c98ed3d9a9.txt"}]},{"Route":"templatesSMS/6c054e9d-03b0-4a46-964a-b141a219b333.16ie5mbjuz.txt","AssetFile":"templatesSMS/6c054e9d-03b0-4a46-964a-b141a219b333.txt","Selectors":[],"ResponseHeaders":[{"Name":"Accept-Ranges","Value":"bytes"},{"Name":"Cache-Control","Value":"max-age=31536000, immutable"},{"Name":"Content-Length","Value":"29831"},{"Name":"Content-Type","Value":"text/plain"},{"Name":"ETag","Value":"\"h//MTf2aR0/O3xoeMywpGplfDL7xspCKDG60e496dzQ=\""},{"Name":"Last-Modified","Value":"Tue, 25 Feb 2025 16:18:25 GMT"}],"EndpointProperties":[{"Name":"fingerprint","Value":"16ie5mbjuz"},{"Name":"integrity","Value":"sha256-h//MTf2aR0/O3xoeMywpGplfDL7xspCKDG60e496dzQ="},{"Name":"label","Value":"templatesSMS/6c054e9d-03b0-4a46-964a-b141a219b333.txt"}]},{"Route":"templatesSMS/6c054e9d-03b0-4a46-964a-b141a219b333.txt","AssetFile":"templatesSMS/6c054e9d-03b0-4a46-964a-b141a219b333.txt","Selectors":[],"ResponseHeaders":[{"Name":"Accept-Ranges","Value":"bytes"},{"Name":"Cache-Control","Value":"no-cache"},{"Name":"Content-Length","Value":"29831"},{"Name":"Content-Type","Value":"text/plain"},{"Name":"ETag","Value":"\"h//MTf2aR0/O3xoeMywpGplfDL7xspCKDG60e496dzQ=\""},{"Name":"Last-Modified","Value":"Tue, 25 Feb 2025 16:18:25 GMT"}],"EndpointProperties":[{"Name":"integrity","Value":"sha256-h//MTf2aR0/O3xoeMywpGplfDL7xspCKDG60e496dzQ="}]},{"Route":"templatesSMS/8e45bf9b-fc9f-48d3-8263-8b63dc1a50cd.hwhfvp0y6v.txt","AssetFile":"templatesSMS/8e45bf9b-fc9f-48d3-8263-8b63dc1a50cd.txt","Selectors":[],"ResponseHeaders":[{"Name":"Accept-Ranges","Value":"bytes"},{"Name":"Cache-Control","Value":"max-age=31536000, immutable"},{"Name":"Content-Length","Value":"16456"},{"Name":"Content-Type","Value":"text/plain"},{"Name":"ETag","Value":"\"YQtWHW/JLUdxihd5ulH872Sx1ammtuVLsZY6aPIz7Hk=\""},{"Name":"Last-Modified","Value":"Tue, 25 Feb 2025 16:18:25 GMT"}],"EndpointProperties":[{"Name":"fingerprint","Value":"hwhfvp0y6v"},{"Name":"integrity","Value":"sha256-YQtWHW/JLUdxihd5ulH872Sx1ammtuVLsZY6aPIz7Hk="},{"Name":"label","Value":"templatesSMS/8e45bf9b-fc9f-48d3-8263-8b63dc1a50cd.txt"}]},{"Route":"templatesSMS/8e45bf9b-fc9f-48d3-8263-8b63dc1a50cd.txt","AssetFile":"templatesSMS/8e45bf9b-fc9f-48d3-8263-8b63dc1a50cd.txt","Selectors":[],"ResponseHeaders":[{"Name":"Accept-Ranges","Value":"bytes"},{"Name":"Cache-Control","Value":"no-cache"},{"Name":"Content-Length","Value":"16456"},{"Name":"Content-Type","Value":"text/plain"},{"Name":"ETag","Value":"\"YQtWHW/JLUdxihd5ulH872Sx1ammtuVLsZY6aPIz7Hk=\""},{"Name":"Last-Modified","Value":"Tue, 25 Feb 2025 16:18:25 GMT"}],"EndpointProperties":[{"Name":"integrity","Value":"sha256-YQtWHW/JLUdxihd5ulH872Sx1ammtuVLsZY6aPIz7Hk="}]},{"Route":"templatesSMS/a7d5f579-e08c-4766-b63e-0ae4ebf03d0a.16ie5mbjuz.txt","AssetFile":"templatesSMS/a7d5f579-e08c-4766-b63e-0ae4ebf03d0a.txt","Selectors":[],"ResponseHeaders":[{"Name":"Accept-Ranges","Value":"bytes"},{"Name":"Cache-Control","Value":"max-age=31536000, immutable"},{"Name":"Content-Length","Value":"29831"},{"Name":"Content-Type","Value":"text/plain"},{"Name":"ETag","Value":"\"h//MTf2aR0/O3xoeMywpGplfDL7xspCKDG60e496dzQ=\""},{"Name":"Last-Modified","Value":"Tue, 25 Feb 2025 16:18:25 GMT"}],"EndpointProperties":[{"Name":"fingerprint","Value":"16ie5mbjuz"},{"Name":"integrity","Value":"sha256-h//MTf2aR0/O3xoeMywpGplfDL7xspCKDG60e496dzQ="},{"Name":"label","Value":"templatesSMS/a7d5f579-e08c-4766-b63e-0ae4ebf03d0a.txt"}]},{"Route":"templatesSMS/a7d5f579-e08c-4766-b63e-0ae4ebf03d0a.txt","AssetFile":"templatesSMS/a7d5f579-e08c-4766-b63e-0ae4ebf03d0a.txt","Selectors":[],"ResponseHeaders":[{"Name":"Accept-Ranges","Value":"bytes"},{"Name":"Cache-Control","Value":"no-cache"},{"Name":"Content-Length","Value":"29831"},{"Name":"Content-Type","Value":"text/plain"},{"Name":"ETag","Value":"\"h//MTf2aR0/O3xoeMywpGplfDL7xspCKDG60e496dzQ=\""},{"Name":"Last-Modified","Value":"Tue, 25 Feb 2025 16:18:25 GMT"}],"EndpointProperties":[{"Name":"integrity","Value":"sha256-h//MTf2aR0/O3xoeMywpGplfDL7xspCKDG60e496dzQ="}]},{"Route":"templatesSMS/e23cc0af-f697-458a-9714-7e966f3eb635.txt","AssetFile":"templatesSMS/e23cc0af-f697-458a-9714-7e966f3eb635.txt","Selectors":[],"ResponseHeaders":[{"Name":"Accept-Ranges","Value":"bytes"},{"Name":"Cache-Control","Value":"no-cache"},{"Name":"Content-Length","Value":"583"},{"Name":"Content-Type","Value":"text/plain"},{"Name":"ETag","Value":"\"NvNFQ54ctsYJsJSR/ljXCzlj7bWF6lPPUj8gHJ9eyHM=\""},{"Name":"Last-Modified","Value":"Tue, 25 Feb 2025 16:18:25 GMT"}],"EndpointProperties":[{"Name":"integrity","Value":"sha256-NvNFQ54ctsYJsJSR/ljXCzlj7bWF6lPPUj8gHJ9eyHM="}]},{"Route":"templatesSMS/e23cc0af-f697-458a-9714-7e966f3eb635.uqvawtcvjt.txt","AssetFile":"templatesSMS/e23cc0af-f697-458a-9714-7e966f3eb635.txt","Selectors":[],"ResponseHeaders":[{"Name":"Accept-Ranges","Value":"bytes"},{"Name":"Cache-Control","Value":"max-age=31536000, immutable"},{"Name":"Content-Length","Value":"583"},{"Name":"Content-Type","Value":"text/plain"},{"Name":"ETag","Value":"\"NvNFQ54ctsYJsJSR/ljXCzlj7bWF6lPPUj8gHJ9eyHM=\""},{"Name":"Last-Modified","Value":"Tue, 25 Feb 2025 16:18:25 GMT"}],"EndpointProperties":[{"Name":"fingerprint","Value":"uqvawtcvjt"},{"Name":"integrity","Value":"sha256-NvNFQ54ctsYJsJSR/ljXCzlj7bWF6lPPUj8gHJ9eyHM="},{"Name":"label","Value":"templatesSMS/e23cc0af-f697-458a-9714-7e966f3eb635.txt"}]},{"Route":"templatesSMS/f0e90ea2-2405-445d-967f-d79bcfd8ab5a.c719m1vvga.txt","AssetFile":"templatesSMS/f0e90ea2-2405-445d-967f-d79bcfd8ab5a.txt","Selectors":[],"ResponseHeaders":[{"Name":"Accept-Ranges","Value":"bytes"},{"Name":"Cache-Control","Value":"max-age=31536000, immutable"},{"Name":"Content-Length","Value":"2852"},{"Name":"Content-Type","Value":"text/plain"},{"Name":"ETag","Value":"\"qGf2ucZGU2mCQ21BVUJImW+5bmI4LffcknmUYWbJvm0=\""},{"Name":"Last-Modified","Value":"Tue, 25 Feb 2025 16:18:25 GMT"}],"EndpointProperties":[{"Name":"fingerprint","Value":"c719m1vvga"},{"Name":"integrity","Value":"sha256-qGf2ucZGU2mCQ21BVUJImW+5bmI4LffcknmUYWbJvm0="},{"Name":"label","Value":"templatesSMS/f0e90ea2-2405-445d-967f-d79bcfd8ab5a.txt"}]},{"Route":"templatesSMS/f0e90ea2-2405-445d-967f-d79bcfd8ab5a.txt","AssetFile":"templatesSMS/f0e90ea2-2405-445d-967f-d79bcfd8ab5a.txt","Selectors":[],"ResponseHeaders":[{"Name":"Accept-Ranges","Value":"bytes"},{"Name":"Cache-Control","Value":"no-cache"},{"Name":"Content-Length","Value":"2852"},{"Name":"Content-Type","Value":"text/plain"},{"Name":"ETag","Value":"\"qGf2ucZGU2mCQ21BVUJImW+5bmI4LffcknmUYWbJvm0=\""},{"Name":"Last-Modified","Value":"Tue, 25 Feb 2025 16:18:25 GMT"}],"EndpointProperties":[{"Name":"integrity","Value":"sha256-qGf2ucZGU2mCQ21BVUJImW+5bmI4LffcknmUYWbJvm0="}]}]}